{"cameraMode":{"drawMode":0,"name":"Shaded","section":"Shading Mode"},"sceneLighting":false,"audioPlay":false,"sceneViewState":{"m_AlwaysRefresh":false,"showFog":true,"showSkybox":false,"showFlares":true,"showImageEffects":true,"showParticleSystems":true,"showVisualEffectGraphs":true,"m_FxEnabled":true},"in2DMode":false,"pivot":{"x":0.00014710426330566406,"y":0.8658134937286377,"z":-0.025097578763961793},"rotation":{"x":-0.008667794987559319,"y":-0.9704189896583557,"z":0.03525187075138092,"w":-0.2387208342552185},"size":1.4331960678100587,"orthographic":false}