{"cameraMode":{"drawMode":0,"name":"Shaded","section":"Shading Mode"},"sceneLighting":false,"audioPlay":false,"sceneViewState":{"m_AlwaysRefresh":false,"showFog":true,"showSkybox":false,"showFlares":true,"showImageEffects":true,"showParticleSystems":true,"showVisualEffectGraphs":true,"m_FxEnabled":true},"in2DMode":false,"pivot":{"x":-1.3187553882598878,"y":0.854703962802887,"z":2.1410181522369386},"rotation":{"x":0.016314279288053514,"y":0.9825479984283447,"z":-0.15334095060825349,"w":0.10479018092155457},"size":0.000017320508050033823,"orthographic":false}