{"cameraMode":{"drawMode":0,"name":"Shaded","section":"Shading Mode"},"sceneLighting":false,"audioPlay":false,"sceneViewState":{"m_AlwaysRefresh":false,"showFog":true,"showSkybox":false,"showFlares":true,"showImageEffects":true,"showParticleSystems":true,"showVisualEffectGraphs":true,"m_FxEnabled":true},"in2DMode":false,"pivot":{"x":0.14264442026615144,"y":0.02147657237946987,"z":-0.030902817845344545},"rotation":{"x":-0.08004279434680939,"y":0.4289754629135132,"z":-0.03821210563182831,"w":-0.8989802598953247},"size":0.19341695308685304,"orthographic":false}