{"cameraMode":{"drawMode":0,"name":"Shaded","section":"Shading Mode"},"sceneLighting":false,"audioPlay":false,"sceneViewState":{"m_AlwaysRefresh":false,"showFog":true,"showSkybox":false,"showFlares":true,"showImageEffects":true,"showParticleSystems":true,"showVisualEffectGraphs":true,"m_FxEnabled":true},"in2DMode":false,"pivot":{"x":0.00014698505401611328,"y":0.86049485206604,"z":-0.05808258056640625},"rotation":{"x":-0.06375423073768616,"y":-0.8805280923843384,"z":0.12391697615385056,"w":-0.4530637562274933},"size":1.4374929666519166,"orthographic":false}