{"cameraMode":{"drawMode":0,"name":"Shaded","section":"Shading Mode"},"sceneLighting":false,"audioPlay":false,"sceneViewState":{"m_AlwaysRefresh":false,"showFog":true,"showSkybox":false,"showFlares":true,"showImageEffects":true,"showParticleSystems":true,"showVisualEffectGraphs":true,"m_FxEnabled":true},"in2DMode":false,"pivot":{"x":0.4601879119873047,"y":0.37957262992858889,"z":0.7321118712425232},"rotation":{"x":0.016314279288053514,"y":0.9825479984283447,"z":-0.15334095060825349,"w":0.10479018092155457},"size":2.6105687618255617,"orthographic":false}