{"cameraMode":{"drawMode":0,"name":"Shaded","section":"Shading Mode"},"sceneLighting":false,"audioPlay":false,"sceneViewState":{"m_AlwaysRefresh":false,"showFog":true,"showSkybox":false,"showFlares":true,"showImageEffects":true,"showParticleSystems":true,"showVisualEffectGraphs":true,"m_FxEnabled":true},"in2DMode":false,"pivot":{"x":-0.348659485578537,"y":0.9062321782112122,"z":-1.1804490089416505},"rotation":{"x":0.0020879930816590788,"y":-0.9939934611320496,"z":0.10958942025899887,"w":0.015407215803861618},"size":1.4101052284240723,"orthographic":false}