{"cameraMode":{"drawMode":0,"name":"Shaded","section":"Shading Mode"},"sceneLighting":false,"audioPlay":false,"sceneViewState":{"m_AlwaysRefresh":false,"showFog":true,"showSkybox":false,"showFlares":true,"showImageEffects":true,"showParticleSystems":true,"showVisualEffectGraphs":true,"m_FxEnabled":true},"in2DMode":false,"pivot":{"x":1.1054706573486329,"y":0.631769597530365,"z":-2.4996349811553957},"rotation":{"x":-0.11312855035066605,"y":0.20242898166179658,"z":-0.02355382777750492,"w":-0.9724823236465454},"size":0.000017320508050033823,"orthographic":false}